event_id,wall_iso,frame,cam_seq,roi,edge,token,t_capture_perf,t_decision_perf,t_send_perf,t_ack_perf,ack_ok,ack_text,capture_to_decision_ms,decision_to_send_ms,serial_act_ms,frame_to_ack_ms
1,2026-08-08T10:52:55,695,547,3,exit,6,5568.010251,5568.060607,5568.060868,5568.080587,True,Green LED OFF,50.357,0.260,19.719,70.336
2,2026-08-08T10:53:03,1015,806,1,enter,1,5576.665876,5576.695537,5576.695796,5576.714322,True,Red LED 1 ON,29.661,0.259,18.527,48.447
3,2026-08-08T10:53:20,1664,1312,1,exit,2,5593.514433,5593.551067,5593.551323,5593.572877,True,Red LED 1 OFF,36.633,0.256,21.554,58.444
4,2026-08-08T10:53:53,2954,2309,4,enter,7,5626.776606,5626.812738,5626.813015,5626.833462,True,Red LED 2 ON,36.132,0.277,20.446,56.855
5,2026-08-08T10:53:54,2977,2328,4,exit,8,5627.370259,5627.399801,5627.399981,5627.419210,True,Red LED 2 OFF,29.542,0.180,19.229,48.951
6,2026-08-08T10:53:54,2978,2328,4,enter,7,5627.370259,5627.426370,5627.426549,5627.443762,True,Red LED 2 ON,56.111,0.179,17.213,73.503
7,2026-08-08T10:53:54,2979,2328,4,exit,8,5627.370259,5627.452654,5627.452885,5627.472432,True,Red LED 2 OFF,82.395,0.231,19.547,102.173
8,2026-08-08T10:53:54,2980,2329,4,enter,7,5627.449238,5627.478785,5627.478974,5627.497040,True,Red LED 2 ON,29.547,0.190,18.065,47.802
9,2026-08-08T10:53:54,2993,2340,4,exit,8,5627.784746,5627.814336,5627.814542,5627.833212,True,Red LED 2 OFF,29.590,0.206,18.670,48.466
10,2026-08-08T10:53:55,2996,2342,4,enter,7,5627.850889,5627.892193,5627.892453,5627.910839,True,Red LED 2 ON,41.304,0.260,18.386,59.950
11,2026-08-08T10:53:55,2997,2343,4,exit,8,5627.881306,5627.919046,5627.919267,5627.939381,True,Red LED 2 OFF,37.740,0.221,20.114,58.076
12,2026-08-08T10:54:08,3508,2738,4,enter,7,5641.065454,5641.084920,5641.085405,5641.102939,True,Red LED 2 ON,19.466,0.485,17.534,37.485
13,2026-08-08T10:54:08,3514,2743,4,exit,8,5641.208363,5641.239002,5641.239222,5641.258673,True,Red LED 2 OFF,30.639,0.220,19.451,50.310
14,2026-08-08T10:54:08,3515,2744,4,enter,7,5641.241780,5641.265444,5641.265665,5641.283329,True,Red LED 2 ON,23.664,0.221,17.664,41.549
15,2026-08-08T10:54:09,3558,2777,4,exit,8,5642.345589,5642.374263,5642.374462,5642.393163,True,Red LED 2 OFF,28.674,0.200,18.701,47.575
16,2026-08-08T10:54:14,3739,2916,3,enter,5,5646.986953,5647.024626,5647.024875,5647.045793,True,Green LED ON,37.673,0.249,20.917,58.840
17,2026-08-08T10:54:18,3889,3032,3,exit,6,5650.840905,5650.885649,5650.886387,5650.908024,True,Green LED OFF,44.744,0.738,21.637,67.119
18,2026-08-08T10:54:18,3922,3058,1,enter,1,5651.705313,5651.736140,5651.736390,5651.755942,True,Red LED 1 ON,30.828,0.250,19.552,50.630
19,2026-08-08T10:54:20,3970,3095,1,exit,2,5652.954282,5652.973512,5652.973850,5652.992947,True,Red LED 1 OFF,19.230,0.338,19.097,38.665
20,2026-08-08T10:54:20,3997,3115,1,enter,1,5653.626958,5653.668083,5653.668436,5653.689003,True,Red LED 1 ON,41.125,0.353,20.567,62.045
21,2026-08-08T10:54:20,3998,3116,1,exit,2,5653.659627,5653.693508,5653.693764,5653.713784,True,Red LED 1 OFF,33.880,0.256,20.021,54.157
22,2026-08-08T10:54:20,3999,3117,1,enter,1,5653.689712,5653.718601,5653.718772,5653.738455,True,Red LED 1 ON,28.889,0.172,19.683,48.744
23,2026-08-08T10:54:20,4000,3118,1,exit,2,5653.721122,5653.743358,5653.743507,5653.763038,True,Red LED 1 OFF,22.236,0.149,19.531,41.916
24,2026-08-08T10:54:20,4001,3118,1,enter,1,5653.721122,5653.768898,5653.769212,5653.787454,True,Red LED 1 ON,47.776,0.314,18.242,66.332
25,2026-08-08T10:54:21,4028,3139,1,exit,2,5654.424735,5654.465948,5654.466219,5654.487835,True,Red LED 1 OFF,41.212,0.271,21.616,63.100
26,2026-08-08T10:54:23,4107,3201,4,enter,7,5656.473817,5656.500745,5656.501030,5656.519233,True,Red LED 2 ON,26.928,0.285,18.202,45.416
27,2026-08-08T10:54:24,4158,3240,4,exit,8,5657.784953,5657.815690,5657.815952,5657.834005,True,Red LED 2 OFF,30.737,0.262,18.054,49.052
28,2026-08-08T10:54:27,4256,3316,4,enter,7,5660.315595,5660.336033,5660.336323,5660.356974,True,Red LED 2 ON,20.437,0.291,20.651,41.379
29,2026-08-08T10:54:27,4257,3316,4,exit,8,5660.315595,5660.362960,5660.363260,5660.381510,True,Red LED 2 OFF,47.365,0.300,18.250,65.915
30,2026-08-08T10:54:27,4258,3317,4,enter,7,5660.344476,5660.388422,5660.388595,5660.406250,True,Red LED 2 ON,43.946,0.173,17.655,61.774
31,2026-08-08T10:54:27,4260,3319,4,exit,8,5660.409253,5660.439316,5660.439517,5660.459381,True,Red LED 2 OFF,30.063,0.201,19.863,50.127
32,2026-08-08T10:54:27,4261,3320,4,enter,7,5660.442954,5660.465866,5660.466136,5660.483978,True,Red LED 2 ON,22.912,0.270,17.842,41.024
33,2026-08-08T10:54:28,4287,3340,4,exit,8,5661.113447,5661.138789,5661.139003,5661.160069,True,Red LED 2 OFF,25.342,0.214,21.066,46.622
34,2026-08-08T10:54:29,4324,3368,3,enter,5,5662.057071,5662.091906,5662.092204,5662.109969,True,Green LED ON,34.835,0.298,17.765,52.898
35,2026-08-08T10:54:34,4528,3525,3,exit,6,5667.306015,5667.348825,5667.349115,5667.368831,True,Green LED OFF,42.810,0.290,19.716,62.816
36,2026-08-08T10:54:36,4595,3578,3,enter,5,5669.050890,5669.072407,5669.072727,5669.093055,True,Green LED ON,21.516,0.320,20.328,42.165
37,2026-08-08T10:54:53,5283,4109,3,exit,6,5686.762069,5686.805215,5686.805409,5686.823419,True,Green LED OFF,43.146,0.194,18.010,61.350
38,2026-08-08T10:54:53,5284,4110,3,enter,5,5686.810100,5686.831970,5686.832417,5686.852178,True,Green LED ON,21.870,0.447,19.761,42.077
39,2026-08-08T10:54:54,5286,4112,3,exit,6,5686.844108,5686.882384,5686.882876,5686.901251,True,Green LED OFF,38.276,0.492,18.375,57.144
40,2026-08-08T10:54:54,5289,4115,3,enter,5,5686.938494,5686.960467,5686.960804,5686.979204,True,Green LED ON,21.973,0.337,18.401,40.710
41,2026-08-08T10:54:54,5291,4116,3,exit,6,5686.969561,5687.011781,5687.011959,5687.032345,True,Green LED OFF,42.221,0.177,20.387,62.785
42,2026-08-08T10:55:39,7070,5490,3,enter,5,5732.794110,5732.815905,5732.816205,5732.834772,True,Green LED ON,21.795,0.300,18.567,40.662
43,2026-08-08T10:55:41,7114,5524,3,exit,6,5733.916655,5733.951800,5733.952048,5733.973180,True,Green LED OFF,35.145,0.248,21.132,56.525
44,2026-08-08T10:55:42,7158,5558,3,enter,5,5735.047843,5735.088031,5735.088317,5735.107812,True,Green LED ON,40.188,0.286,19.495,59.970
45,2026-08-08T10:56:01,7899,6130,3,exit,6,5754.121420,5754.146924,5754.147190,5754.165600,True,Green LED OFF,25.504,0.265,18.411,44.180
46,2026-08-08T10:56:04,8017,6220,1,enter,1,5757.145612,5757.189327,5757.189622,5757.208327,True,Red LED 1 ON,43.715,0.295,18.704,62.714
47,2026-08-08T10:56:04,8019,6223,1,exit,2,5757.209559,5757.239964,5757.240147,5757.261828,True,Red LED 1 OFF,30.404,0.183,21.682,52.269
48,2026-08-08T10:56:21,8684,6736,4,enter,7,5774.329343,5774.363428,5774.363767,5774.381913,True,Red LED 2 ON,34.085,0.339,18.146,52.570
49,2026-08-08T10:56:23,8777,6808,4,exit,8,5776.713352,5776.757268,5776.757449,5776.777616,True,Red LED 2 OFF,43.916,0.181,20.168,64.265
50,2026-08-08T10:56:28,8947,6940,1,enter,1,5781.112860,5781.136691,5781.137087,5781.155851,True,Red LED 1 ON,23.831,0.397,18.764,42.991
51,2026-08-08T10:56:28,8948,6940,1,exit,2,5781.112860,5781.161965,5781.162202,5781.180606,True,Red LED 1 OFF,49.105,0.237,18.404,67.746
52,2026-08-08T10:56:28,8949,6941,1,enter,1,5781.144590,5781.188192,5781.188383,5781.209082,True,Red LED 1 ON,43.602,0.190,20.700,64.492
53,2026-08-08T10:56:28,8950,6942,1,exit,2,5781.177127,5781.214302,5781.214452,5781.233731,True,Red LED 1 OFF,37.175,0.150,19.279,56.604
54,2026-08-08T10:56:28,8951,6943,1,enter,1,5781.207957,5781.238926,5781.239074,5781.258355,True,Red LED 1 ON,30.969,0.148,19.281,50.398
55,2026-08-08T10:56:28,8952,6943,1,exit,2,5781.207957,5781.265439,5781.265681,5781.286969,True,Red LED 1 OFF,57.482,0.242,21.288,79.012
56,2026-08-08T10:56:28,8953,6944,1,enter,1,5781.258448,5781.292102,5781.292312,5781.311723,True,Red LED 1 ON,33.654,0.210,19.411,53.275
57,2026-08-08T10:56:28,8954,6945,1,exit,2,5781.289243,5781.315995,5781.316241,5781.336392,True,Red LED 1 OFF,26.752,0.246,20.151,47.149
58,2026-08-08T10:56:28,8955,6946,1,enter,1,5781.321056,5781.342271,5781.342482,5781.360749,True,Red LED 1 ON,21.214,0.211,18.266,39.692
59,2026-08-08T10:56:28,8956,6946,1,exit,2,5781.321056,5781.366816,5781.367014,5781.385240,True,Red LED 1 OFF,45.760,0.197,18.227,64.184
60,2026-08-08T10:56:28,8957,6947,1,enter,1,5781.353820,5781.394731,5781.395031,5781.413966,True,Red LED 1 ON,40.911,0.301,18.934,60.146
61,2026-08-08T10:56:28,8958,6948,1,exit,2,5781.384915,5781.418897,5781.419146,5781.438573,True,Red LED 1 OFF,33.981,0.249,19.427,53.657
62,2026-08-08T10:56:28,8959,6949,1,enter,1,5781.416663,5781.445039,5781.445305,5781.463126,True,Red LED 1 ON,28.376,0.266,17.821,46.463
63,2026-08-08T10:56:28,8960,6950,1,exit,2,5781.449794,5781.470176,5781.470356,5781.492021,True,Red LED 1 OFF,20.382,0.181,21.664,42.227
64,2026-08-08T10:56:28,8961,6950,1,enter,1,5781.449794,5781.494827,5781.494999,5781.512231,True,Red LED 1 ON,45.034,0.172,17.232,62.437
65,2026-08-08T10:56:28,8962,6951,1,exit,2,5781.480637,5781.521114,5781.521326,5781.540910,True,Red LED 1 OFF,40.477,0.212,19.584,60.273
66,2026-08-08T10:56:28,8963,6952,1,enter,1,5781.512645,5781.546336,5781.546557,5781.565472,True,Red LED 1 ON,33.691,0.220,18.915,52.827
67,2026-08-08T10:56:28,8964,6953,1,exit,2,5781.547232,5781.571763,5781.571950,5781.590088,True,Red LED 1 OFF,24.531,0.187,18.138,42.856
68,2026-08-08T10:56:28,8965,6954,1,enter,1,5781.577378,5781.597746,5781.597993,5781.618648,True,Red LED 1 ON,20.367,0.248,20.655,41.269
69,2026-08-08T10:56:28,8966,6954,1,exit,2,5781.577378,5781.622376,5781.622578,5781.643305,True,Red LED 1 OFF,44.998,0.202,20.727,65.926
70,2026-08-08T10:56:28,8967,6955,1,enter,1,5781.625606,5781.647992,5781.648223,5781.667917,True,Red LED 1 ON,22.386,0.231,19.693,42.311
71,2026-08-08T10:56:28,8968,6955,1,exit,2,5781.625606,5781.673701,5781.673898,5781.692589,True,Red LED 1 OFF,48.095,0.197,18.690,66.983
72,2026-08-08T10:56:28,8969,6956,1,enter,1,5781.657833,5781.699522,5781.699680,5781.717028,True,Red LED 1 ON,41.689,0.158,17.347,59.195
73,2026-08-08T10:56:28,8970,6957,1,exit,2,5781.689746,5781.727532,5781.727995,5781.749663,True,Red LED 1 OFF,37.786,0.463,21.669,59.918
74,2026-08-08T10:56:28,8971,6958,1,enter,1,5781.722357,5781.752364,5781.752569,5781.770410,True,Red LED 1 ON,30.006,0.205,17.842,48.053
75,2026-08-08T10:56:28,8972,6959,1,exit,2,5781.753431,5781.778000,5781.778280,5781.798914,True,Red LED 1 OFF,24.569,0.280,20.634,45.483
76,2026-08-08T10:56:28,8973,6959,1,enter,1,5781.753431,5781.804572,5781.804782,5781.823731,True,Red LED 1 ON,51.141,0.211,18.948,70.300
77,2026-08-08T10:56:28,8974,6960,1,exit,2,5781.785914,5781.830520,5781.830704,5781.852100,True,Red LED 1 OFF,44.606,0.184,21.396,66.185
78,2026-08-08T10:56:28,8975,6961,1,enter,1,5781.818051,5781.856012,5781.856299,5781.876710,True,Red LED 1 ON,37.961,0.287,20.411,58.660
79,2026-08-08T10:56:29,8976,6962,1,exit,2,5781.849947,5781.881544,5781.881734,5781.901563,True,Red LED 1 OFF,31.597,0.189,19.830,51.616
80,2026-08-08T10:56:29,8977,6963,1,enter,1,5781.882561,5781.907970,5781.908176,5781.925940,True,Red LED 1 ON,25.409,0.206,17.764,43.379
81,2026-08-08T10:56:29,8978,6964,1,exit,2,5781.914176,5781.932746,5781.932879,5781.954528,True,Red LED 1 OFF,18.570,0.132,21.649,40.351
82,2026-08-08T10:56:29,8979,6964,1,enter,1,5781.914176,5781.957723,5781.957922,5781.975802,True,Red LED 1 ON,43.547,0.199,17.880,61.626
83,2026-08-08T10:56:29,8982,6966,1,exit,2,5781.993718,5782.035279,5782.035583,5782.057129,True,Red LED 1 OFF,41.561,0.304,21.546,63.411
84,2026-08-08T10:56:29,8983,6967,1,enter,1,5782.024183,5782.063095,5782.063290,5782.081550,True,Red LED 1 ON,38.912,0.195,18.260,57.368
85,2026-08-08T10:56:29,8984,6968,1,exit,2,5782.056898,5782.086952,5782.087136,5782.106186,True,Red LED 1 OFF,30.054,0.184,19.050,49.288
86,2026-08-08T10:56:29,8985,6969,1,enter,1,5782.089160,5782.112797,5782.112951,5782.130711,True,Red LED 1 ON,23.638,0.154,17.760,41.551
87,2026-08-08T10:56:29,8986,6969,1,exit,2,5782.089160,5782.137956,5782.138248,5782.159313,True,Red LED 1 OFF,48.796,0.292,21.065,70.153
88,2026-08-08T10:56:29,8987,6970,1,enter,1,5782.120754,5782.164215,5782.164345,5782.183970,True,Red LED 1 ON,43.461,0.129,19.626,63.216
89,2026-08-08T10:56:29,8988,6971,1,exit,2,5782.153852,5782.190623,5782.190826,5782.212509,True,Red LED 1 OFF,36.771,0.203,21.684,58.657
90,2026-08-08T10:56:29,8989,6972,1,enter,1,5782.185402,5782.215599,5782.215770,5782.233151,True,Red LED 1 ON,30.197,0.171,17.381,47.749
91,2026-08-08T10:56:29,9005,6984,1,exit,2,5782.585416,5782.625445,5782.625693,5782.646807,True,Red LED 1 OFF,40.029,0.248,21.113,61.391
92,2026-08-08T10:56:29,9006,6984,1,enter,1,5782.585416,5782.649722,5782.650236,5782.668508,True,Red LED 1 ON,64.307,0.514,18.271,83.092
93,2026-08-08T10:56:29,9007,6985,1,exit,2,5782.632809,5782.678635,5782.678888,5782.700063,True,Red LED 1 OFF,45.825,0.253,21.175,67.254
94,2026-08-08T10:56:29,9008,6986,1,enter,1,5782.666398,5782.703027,5782.703356,5782.720484,True,Red LED 1 ON,36.629,0.329,17.128,54.086
95,2026-08-08T10:56:44,9582,7429,1,exit,2,5797.433860,5797.467535,5797.467786,5797.489540,True,Red LED 1 OFF,33.675,0.252,21.754,55.680
96,2026-08-08T10:56:44,9583,7430,1,enter,1,5797.464527,5797.494689,5797.494910,5797.514104,True,Red LED 1 ON,30.162,0.221,19.194,49.577
97,2026-08-08T10:56:44,9584,7431,1,exit,2,5797.496267,5797.517296,5797.517507,5797.538961,True,Red LED 1 OFF,21.029,0.211,21.453,42.694
98,2026-08-08T10:56:44,9591,7436,1,enter,1,5797.658578,5797.700049,5797.700324,5797.719057,True,Red LED 1 ON,41.471,0.275,18.732,60.479
99,2026-08-08T10:56:44,9592,7437,1,exit,2,5797.705307,5797.723607,5797.723798,5797.743611,True,Red LED 1 OFF,18.300,0.191,19.812,38.304
100,2026-08-08T10:56:45,9602,7445,1,enter,1,5797.962411,5797.983697,5797.984436,5798.001653,True,Red LED 1 ON,21.286,0.739,17.217,39.241
101,2026-08-08T10:56:45,9604,7446,1,exit,2,5797.994563,5798.036007,5798.036215,5798.054834,True,Red LED 1 OFF,41.444,0.208,18.619,60.271
102,2026-08-08T10:56:45,9608,7450,1,enter,1,5798.105878,5798.139687,5798.139940,5798.157236,True,Red LED 1 ON,33.808,0.253,17.296,51.357
103,2026-08-08T10:56:45,9609,7451,1,exit,2,5798.137326,5798.165855,5798.166062,5798.186005,True,Red LED 1 OFF,28.529,0.207,19.942,48.678
104,2026-08-08T10:56:45,9610,7452,1,enter,1,5798.168668,5798.189171,5798.189474,5798.206355,True,Red LED 1 ON,20.503,0.303,16.881,37.687
105,2026-08-08T10:56:45,9613,7453,1,exit,2,5798.235156,5798.269398,5798.269662,5798.288259,True,Red LED 1 OFF,34.241,0.264,18.597,53.103
106,2026-08-08T10:56:45,9615,7455,1,enter,1,5798.296437,5798.318619,5798.318823,5798.337435,True,Red LED 1 ON,22.182,0.204,18.612,40.998
107,2026-08-08T10:56:45,9617,7456,1,exit,2,5798.328445,5798.370695,5798.370863,5798.390689,True,Red LED 1 OFF,42.250,0.167,19.826,62.243
108,2026-08-08T10:56:45,9618,7457,1,enter,1,5798.377829,5798.398306,5798.398793,5798.419641,True,Red LED 1 ON,20.478,0.487,20.848,41.812
109,2026-08-08T10:56:45,9620,7459,1,exit,2,5798.411828,5798.448074,5798.448322,5798.468431,True,Red LED 1 OFF,36.246,0.249,20.109,56.603
110,2026-08-08T10:56:45,9621,7460,1,enter,1,5798.442513,5798.474681,5798.474890,5798.493134,True,Red LED 1 ON,32.169,0.208,18.244,50.621
111,2026-08-08T10:56:46,9663,7492,1,exit,2,5799.515565,5799.559218,5799.559466,5799.578393,True,Red LED 1 OFF,43.653,0.249,18.927,62.828
112,2026-08-08T10:56:46,9664,7493,1,enter,1,5799.545686,5799.584087,5799.584503,5799.603136,True,Red LED 1 ON,38.401,0.416,18.634,57.450
113,2026-08-08T10:56:46,9666,7495,1,exit,2,5799.608043,5799.635789,5799.636011,5799.656228,True,Red LED 1 OFF,27.746,0.222,20.218,48.185
114,2026-08-08T10:56:47,9678,7504,1,enter,1,5799.914601,5799.948048,5799.948234,5799.967728,True,Red LED 1 ON,33.447,0.186,19.494,53.127
115,2026-08-08T10:56:47,9679,7505,1,exit,2,5799.946628,5799.974116,5799.974310,5799.996463,True,Red LED 1 OFF,27.488,0.194,22.153,49.834
116,2026-08-08T10:56:47,9680,7506,1,enter,1,5799.978334,5799.999379,5799.999521,5800.016619,True,Red LED 1 ON,21.045,0.142,17.098,38.285
117,2026-08-08T10:56:47,9689,7513,1,exit,2,5800.216999,5800.234824,5800.235068,5800.254267,True,Red LED 1 OFF,17.825,0.244,19.199,37.269
118,2026-08-08T10:56:50,9822,7616,1,enter,1,5803.641438,5803.662569,5803.663031,5803.682284,True,Red LED 1 ON,21.131,0.462,19.253,40.846
119,2026-08-08T10:56:50,9824,7617,1,exit,2,5803.673765,5803.714636,5803.714889,5803.735556,True,Red LED 1 OFF,40.870,0.253,20.667,61.790
120,2026-08-08T10:56:50,9825,7618,1,enter,1,5803.705601,5803.741176,5803.741409,5803.760141,True,Red LED 1 ON,35.575,0.233,18.733,54.541
121,2026-08-08T10:56:51,9837,7627,1,exit,2,5804.009501,5804.049630,5804.049984,5804.071335,True,Red LED 1 OFF,40.128,0.354,21.351,61.833
122,2026-08-08T10:56:51,9838,7628,1,enter,1,5804.042768,5804.075811,5804.075988,5804.096286,True,Red LED 1 ON,33.042,0.177,20.298,53.517
123,2026-08-08T10:56:51,9842,7631,1,exit,2,5804.138429,5804.181156,5804.181335,5804.202358,True,Red LED 1 OFF,42.727,0.179,21.023,63.929
124,2026-08-08T10:56:51,9848,7636,1,enter,1,5804.314571,5804.337130,5804.337399,5804.358057,True,Red LED 1 ON,22.559,0.269,20.658,43.486
125,2026-08-08T10:56:51,9850,7637,1,exit,2,5804.346889,5804.389707,5804.389963,5804.411290,True,Red LED 1 OFF,42.817,0.257,21.327,64.401
126,2026-08-08T10:56:52,9879,7660,1,enter,1,5805.114536,5805.134590,5805.135045,5805.152740,True,Red LED 1 ON,20.054,0.455,17.695,38.204
127,2026-08-08T10:56:52,9881,7661,1,exit,2,5805.145766,5805.187355,5805.187634,5805.206034,True,Red LED 1 OFF,41.590,0.279,18.400,60.268
128,2026-08-08T10:56:52,9884,7663,1,enter,1,5805.224860,5805.264134,5805.264376,5805.283790,True,Red LED 1 ON,39.274,0.242,19.414,58.930
129,2026-08-08T10:56:52,9886,7665,1,exit,2,5805.289915,5805.315686,5805.316044,5805.336981,True,Red LED 1 OFF,25.772,0.357,20.937,47.067
130,2026-08-08T10:56:52,9887,7666,1,enter,1,5805.322547,5805.340928,5805.341229,5805.361502,True,Red LED 1 ON,18.380,0.302,20.273,38.954
131,2026-08-08T10:56:52,9904,7679,1,exit,2,5805.754689,5805.778111,5805.778469,5805.799690,True,Red LED 1 OFF,23.421,0.358,21.221,45.000
132,2026-08-08T10:56:52,9907,7681,1,enter,1,5805.817486,5805.858402,5805.858663,5805.877631,True,Red LED 1 ON,40.916,0.260,18.968,60.145
133,2026-08-08T10:56:53,9910,7683,1,exit,2,5805.897848,5805.932578,5805.932852,5805.951389,True,Red LED 1 OFF,34.730,0.274,18.537,53.541
134,2026-08-08T10:56:53,9917,7689,1,enter,1,5806.089488,5806.113867,5806.114092,5806.131653,True,Red LED 1 ON,24.378,0.225,17.561,42.164
135,2026-08-08T10:56:53,9921,7692,1,exit,2,5806.185752,5806.216296,5806.216651,5806.238224,True,Red LED 1 OFF,30.544,0.354,21.573,52.471
136,2026-08-08T10:56:53,9929,7698,1,enter,1,5806.394730,5806.426141,5806.426558,5806.447030,True,Red LED 1 ON,31.411,0.417,20.472,52.300
137,2026-08-08T10:56:53,9930,7699,1,exit,2,5806.425507,5806.450346,5806.450554,5806.471530,True,Red LED 1 OFF,24.839,0.208,20.976,46.023
138,2026-08-08T10:56:53,9932,7700,1,enter,1,5806.459039,5806.501475,5806.501683,5806.520660,True,Red LED 1 ON,42.436,0.208,18.977,61.621
139,2026-08-08T10:56:53,9933,7701,1,exit,2,5806.490157,5806.528918,5806.529075,5806.549254,True,Red LED 1 OFF,38.761,0.156,20.179,59.097
140,2026-08-08T10:56:53,9942,7708,1,enter,1,5806.730939,5806.757992,5806.758223,5806.778652,True,Red LED 1 ON,27.053,0.231,20.429,47.714
141,2026-08-08T10:56:53,9943,7709,1,exit,2,5806.761527,5806.783357,5806.783562,5806.803255,True,Red LED 1 OFF,21.830,0.205,19.694,41.728
142,2026-08-08T10:56:53,9945,7710,1,enter,1,5806.792788,5806.836973,5806.837148,5806.856649,True,Red LED 1 ON,44.185,0.175,19.501,63.862
143,2026-08-08T10:56:54,9948,7713,1,exit,2,5806.888938,5806.911382,5806.911636,5806.930221,True,Red LED 1 OFF,22.444,0.254,18.585,41.283
144,2026-08-08T10:56:54,9950,7714,1,enter,1,5806.938807,5806.963317,5806.963642,5806.983520,True,Red LED 1 ON,24.511,0.325,19.879,44.714
145,2026-08-08T10:56:54,9972,7731,1,exit,2,5807.498035,5807.529991,5807.530466,5807.548808,True,Red LED 1 OFF,31.956,0.474,18.342,50.773
146,2026-08-08T10:56:55,10003,7754,1,enter,1,5808.282315,5808.327045,5808.327394,5808.347251,True,Red LED 1 ON,44.730,0.349,19.858,64.936
147,2026-08-08T10:56:55,10004,7756,1,exit,2,5808.317517,5808.351782,5808.352001,5808.371907,True,Red LED 1 OFF,34.265,0.220,19.906,54.390
148,2026-08-08T10:56:55,10019,7768,1,enter,1,5808.713208,5808.736580,5808.736901,5808.756882,True,Red LED 1 ON,23.372,0.321,19.981,43.674
149,2026-08-08T10:56:57,10069,7806,1,exit,2,5809.992508,5810.030767,5810.031175,5810.051167,True,Red LED 1 OFF,38.259,0.408,19.992,58.658
150,2026-08-08T10:56:57,10071,7808,1,enter,1,5810.057282,5810.082698,5810.082932,5810.100658,True,Red LED 1 ON,25.415,0.234,17.727,43.376
151,2026-08-08T10:56:57,10074,7810,1,exit,2,5810.121061,5810.160571,5810.160816,5810.182160,True,Red LED 1 OFF,39.511,0.244,21.344,61.099
152,2026-08-08T10:56:57,10080,7815,1,enter,1,5810.283360,5810.314860,5810.315089,5810.333785,True,Red LED 1 ON,31.499,0.229,18.697,50.425
153,2026-08-08T10:56:57,10081,7816,1,exit,2,5810.315147,5810.340092,5810.340313,5810.358360,True,Red LED 1 OFF,24.945,0.221,18.047,43.213
154,2026-08-08T10:56:57,10089,7822,1,enter,1,5810.522311,5810.545638,5810.545855,5810.563129,True,Red LED 1 ON,23.326,0.218,17.274,40.818
155,2026-08-08T10:56:57,10092,7824,1,exit,2,5810.583590,5810.624294,5810.624550,5810.645044,True,Red LED 1 OFF,40.704,0.256,20.494,61.454
156,2026-08-08T10:56:58,10114,7841,1,enter,1,5811.162416,5811.186135,5811.186476,5811.206179,True,Red LED 1 ON,23.719,0.341,19.703,43.763
157,2026-08-08T10:56:58,10116,7842,1,exit,2,5811.194636,5811.237397,5811.237703,5811.259343,True,Red LED 1 OFF,42.761,0.307,21.639,64.707
158,2026-08-08T10:56:58,10117,7843,1,enter,1,5811.224329,5811.263800,5811.264077,5811.283968,True,Red LED 1 ON,39.471,0.276,19.891,59.638
159,2026-08-08T10:56:58,10119,7845,1,exit,2,5811.288528,5811.314638,5811.314891,5811.333165,True,Red LED 1 OFF,26.110,0.253,18.274,44.638
160,2026-08-08T10:56:58,10127,7851,1,enter,1,5811.499414,5811.519318,5811.519556,5811.537894,True,Red LED 1 ON,19.903,0.238,18.338,38.479
161,2026-08-08T10:56:58,10129,7852,1,exit,2,5811.527941,5811.570663,5811.570987,5811.591202,True,Red LED 1 OFF,42.722,0.324,20.215,63.261
162,2026-08-08T10:56:58,10134,7856,1,enter,1,5811.657244,5811.697781,5811.697994,5811.718192,True,Red LED 1 ON,40.537,0.213,20.198,60.948
163,2026-08-08T10:56:58,10135,7857,1,exit,2,5811.705540,5811.724949,5811.725114,5811.746692,True,Red LED 1 OFF,19.409,0.166,21.577,41.152
164,2026-08-08T10:56:58,10137,7859,1,enter,1,5811.740093,5811.777014,5811.777331,5811.795999,True,Red LED 1 ON,36.921,0.316,18.668,55.905
165,2026-08-08T10:56:58,10138,7860,1,exit,2,5811.769804,5811.802835,5811.803020,5811.824545,True,Red LED 1 OFF,33.031,0.186,21.525,54.741
166,2026-08-08T10:56:59,10144,7864,1,enter,1,5811.931010,5811.954398,5811.954627,5811.972102,True,Red LED 1 ON,23.388,0.229,17.475,41.092
167,2026-08-08T10:56:59,10145,7865,1,exit,2,5811.961820,5811.979739,5811.979910,5812.000719,True,Red LED 1 OFF,17.918,0.171,20.809,38.898
168,2026-08-08T10:56:59,10147,7866,1,enter,1,5811.993453,5812.032433,5812.032750,5812.049922,True,Red LED 1 ON,38.981,0.317,17.172,56.470
169,2026-08-08T10:56:59,10151,7870,1,exit,2,5812.110833,5812.135892,5812.136154,5812.156286,True,Red LED 1 OFF,25.059,0.261,20.132,45.453
170,2026-08-08T10:56:59,10152,7871,1,enter,1,5812.137442,5812.160201,5812.160431,5812.180969,True,Red LED 1 ON,22.760,0.229,20.538,43.527
171,2026-08-08T10:56:59,10156,7873,1,exit,2,5812.232062,5812.263283,5812.263481,5812.283529,True,Red LED 1 OFF,31.221,0.198,20.048,51.467
172,2026-08-08T10:56:59,10159,7875,1,enter,1,5812.297739,5812.343231,5812.343449,5812.361194,True,Red LED 1 ON,45.493,0.218,17.745,63.455
173,2026-08-08T10:56:59,10160,7876,1,exit,2,5812.328742,5812.366834,5812.367016,5812.385731,True,Red LED 1 OFF,38.093,0.182,18.715,56.990
174,2026-08-08T10:56:59,10163,7878,1,enter,1,5812.411258,5812.445139,5812.445766,5812.463776,True,Red LED 1 ON,33.881,0.628,18.010,52.519
175,2026-08-08T10:57:00,10206,7912,1,exit,2,5813.513521,5813.549372,5813.549600,5813.569393,True,Red LED 1 OFF,35.851,0.228,19.793,55.872
176,2026-08-08T10:57:00,10208,7914,1,enter,1,5813.578401,5813.599920,5813.600264,5813.618652,True,Red LED 1 ON,21.518,0.344,18.388,40.250
177,2026-08-08T10:57:00,10210,7915,1,exit,2,5813.608252,5813.650883,5813.651228,5813.671782,True,Red LED 1 OFF,42.631,0.345,20.554,63.530
178,2026-08-08T10:57:00,10211,7916,1,enter,1,5813.642634,5813.678022,5813.678279,5813.696420,True,Red LED 1 ON,35.388,0.257,18.141,53.786
179,2026-08-08T10:57:00,10213,7918,1,exit,2,5813.707799,5813.727992,5813.728305,5813.749491,True,Red LED 1 OFF,20.193,0.313,21.187,41.692
180,2026-08-08T10:57:01,10243,7940,1,enter,1,5814.458225,5814.497666,5814.497927,5814.515521,True,Red LED 1 ON,39.442,0.261,17.594,57.297
181,2026-08-08T10:57:01,10246,7943,1,exit,2,5814.552397,5814.573982,5814.574273,5814.593322,True,Red LED 1 OFF,21.585,0.291,19.048,40.925
182,2026-08-08T10:57:01,10248,7944,1,enter,1,5814.584898,5814.627847,5814.628070,5814.646621,True,Red LED 1 ON,42.949,0.223,18.551,61.723
183,2026-08-08T10:57:01,10249,7945,1,exit,2,5814.616677,5814.653007,5814.653232,5814.675141,True,Red LED 1 OFF,36.331,0.224,21.909,58.464
184,2026-08-08T10:57:01,10256,7950,1,enter,1,5814.795324,5814.831455,5814.831722,5814.851343,True,Red LED 1 ON,36.131,0.267,19.621,56.019
185,2026-08-08T10:57:02,10257,7951,1,exit,2,5814.826565,5814.858638,5814.858919,5814.880395,True,Red LED 1 OFF,32.073,0.281,21.476,53.829
186,2026-08-08T10:57:02,10258,7952,1,enter,1,5814.857531,5814.883100,5814.883313,5814.900701,True,Red LED 1 ON,25.569,0.213,17.388,43.170
187,2026-08-08T10:57:02,10259,7953,1,exit,2,5814.888824,5814.909639,5814.909860,5814.929153,True,Red LED 1 OFF,20.814,0.222,19.293,40.329
188,2026-08-08T10:57:02,10261,7954,1,enter,1,5814.920690,5814.962240,5814.962447,5814.982354,True,Red LED 1 ON,41.550,0.207,19.907,61.664
189,2026-08-08T10:57:02,10264,7957,1,exit,2,5815.017185,5815.039300,5815.039654,5815.060262,True,Red LED 1 OFF,22.115,0.353,20.608,43.076
190,2026-08-08T10:57:02,10270,7961,1,enter,1,5815.159796,5815.195738,5815.195967,5815.216333,True,Red LED 1 ON,35.942,0.230,20.365,56.537
191,2026-08-08T10:57:02,10274,7964,1,exit,2,5815.257263,5815.300075,5815.300254,5815.318377,True,Red LED 1 OFF,42.811,0.179,18.123,61.114
192,2026-08-08T10:57:02,10276,7966,1,enter,1,5815.322230,5815.350867,5815.351200,5815.371416,True,Red LED 1 ON,28.637,0.333,20.216,49.186
193,2026-08-08T10:57:02,10277,7967,1,exit,2,5815.355068,5815.375574,5815.375846,5815.396139,True,Red LED 1 OFF,20.506,0.272,20.293,41.071
194,2026-08-08T10:57:02,10279,7968,1,enter,1,5815.385417,5815.427327,5815.427803,5815.445216,True,Red LED 1 ON,41.910,0.477,17.413,59.799
195,2026-08-08T10:57:02,10280,7969,1,exit,2,5815.416937,5815.454155,5815.454449,5815.474101,True,Red LED 1 OFF,37.218,0.294,19.653,57.165
196,2026-08-08T10:57:02,10289,7976,1,enter,1,5815.658257,5815.686590,5815.686768,5815.707610,True,Red LED 1 ON,28.333,0.179,20.842,49.353
197,2026-08-08T10:57:04,10339,8015,1,exit,2,5816.937016,5816.975559,5816.975859,5816.997467,True,Red LED 1 OFF,38.543,0.300,21.608,60.451
198,2026-08-08T10:57:08,10492,8133,1,enter,1,5820.889826,5820.912152,5820.912465,5820.929447,True,Red LED 1 ON,22.325,0.313,16.982,39.621
199,2026-08-08T10:57:08,10494,8134,1,exit,2,5820.921220,5820.964423,5820.964660,5820.982749,True,Red LED 1 OFF,43.203,0.237,18.089,61.529
200,2026-08-08T10:57:08,10499,8138,1,enter,1,5821.064971,5821.094855,5821.095108,5821.113771,True,Red LED 1 ON,29.883,0.253,18.664,48.800
201,2026-08-08T10:57:08,10503,8141,1,exit,2,5821.160855,5821.196842,5821.197311,5821.216533,True,Red LED 1 OFF,35.987,0.469,19.223,55.679
202,2026-08-08T10:57:10,10583,8203,1,enter,1,5823.209588,5823.251061,5823.251269,5823.272066,True,Red LED 1 ON,41.473,0.208,20.798,62.478
203,2026-08-08T10:57:10,10584,8204,1,exit,2,5823.242334,5823.278729,5823.279088,5823.300707,True,Red LED 1 OFF,36.395,0.359,21.618,58.372
204,2026-08-08T10:57:25,11157,8646,3,enter,5,5837.991810,5838.036257,5838.036610,5838.053609,True,Green LED ON,44.446,0.354,16.999,61.799
205,2026-08-08T10:57:25,11167,8654,3,exit,6,5838.265221,5838.292346,5838.292691,5838.311788,True,Green LED OFF,27.125,0.344,19.097,46.567
206,2026-08-08T10:57:25,11168,8655,3,enter,5,5838.297593,5838.318124,5838.318345,5838.336152,True,Green LED ON,20.531,0.221,17.807,38.559
207,2026-08-08T10:57:25,11170,8656,3,exit,6,5838.329007,5838.368741,5838.369019,5838.389377,True,Green LED OFF,39.734,0.278,20.357,60.370
208,2026-08-08T10:57:25,11171,8657,3,enter,5,5838.362508,5838.395437,5838.395650,5838.414067,True,Green LED ON,32.929,0.212,18.417,51.559
209,2026-08-08T10:57:36,11592,8983,3,exit,6,5849.211526,5849.236974,5849.237170,5849.255397,True,Green LED OFF,25.449,0.196,18.226,43.871
210,2026-08-08T10:57:36,11598,8988,3,enter,5,5849.369197,5849.390954,5849.391283,5849.411481,True,Green LED ON,21.758,0.329,20.198,42.284
211,2026-08-08T10:57:36,11602,8990,3,exit,6,5849.465764,5849.493293,5849.493491,5849.513429,True,Green LED OFF,27.528,0.199,19.938,47.665
212,2026-08-08T10:57:38,11674,9046,1,enter,1,5851.323472,5851.356885,5851.357460,5851.376910,True,Red LED 1 ON,33.413,0.575,19.450,53.438
213,2026-08-08T10:57:44,11913,9230,1,exit,2,5857.465343,5857.508640,5857.508888,5857.528962,True,Red LED 1 OFF,43.297,0.248,20.074,63.619
214,2026-08-08T10:57:54,12285,9517,3,enter,5,5867.033773,5867.074777,5867.075023,5867.092203,True,Green LED ON,41.004,0.246,17.180,58.430
215,2026-08-08T10:57:57,12394,9602,3,exit,6,5869.850754,5869.882205,5869.882431,5869.901821,True,Green LED OFF,31.451,0.227,19.389,51.067
216,2026-08-08T10:58:02,12606,9765,3,enter,5,5875.288791,5875.330636,5875.330976,5875.349089,True,Green LED ON,41.845,0.340,18.113,60.297
217,2026-08-08T10:58:06,12755,9880,3,exit,6,5879.130876,5879.164183,5879.164465,5879.182958,True,Green LED OFF,33.307,0.283,18.492,52.082
218,2026-08-08T10:58:10,12923,10010,1,enter,1,5883.449418,5883.483479,5883.483857,5883.503860,True,Red LED 1 ON,34.061,0.378,20.003,54.442
219,2026-08-08T10:58:10,12924,10011,1,exit,2,5883.481003,5883.507695,5883.507869,5883.528435,True,Red LED 1 OFF,26.692,0.173,20.567,47.432
220,2026-08-08T10:58:10,12925,10012,1,enter,1,5883.512608,5883.533583,5883.533795,5883.552910,True,Red LED 1 ON,20.975,0.213,19.115,40.302
221,2026-08-08T10:58:10,12926,10012,1,exit,2,5883.512608,5883.558923,5883.559097,5883.577420,True,Red LED 1 OFF,46.315,0.174,18.324,64.812
222,2026-08-08T10:58:10,12927,10013,1,enter,1,5883.546513,5883.585602,5883.585837,5883.606014,True,Red LED 1 ON,39.089,0.236,20.177,59.501
223,2026-08-08T10:58:10,12928,10013,1,exit,2,5883.546513,5883.611276,5883.611501,5883.630670,True,Red LED 1 OFF,64.764,0.225,19.169,84.157
224,2026-08-08T10:58:10,12929,10014,1,enter,1,5883.593223,5883.637892,5883.638201,5883.655406,True,Red LED 1 ON,44.669,0.310,17.204,62.182
225,2026-08-08T10:58:10,12930,10015,1,exit,2,5883.625364,5883.662936,5883.663214,5883.683910,True,Red LED 1 OFF,37.572,0.278,20.697,58.546
226,2026-08-08T10:58:10,12931,10016,1,enter,1,5883.659800,5883.688587,5883.688748,5883.708506,True,Red LED 1 ON,28.787,0.160,19.758,48.706
227,2026-08-08T10:58:47,14361,11122,1,exit,2,5920.520115,5920.554530,5920.554771,5920.574017,True,Red LED 1 OFF,34.415,0.241,19.245,53.901
228,2026-08-08T10:58:47,14362,11123,1,enter,1,5920.552459,5920.580851,5920.581100,5920.598842,True,Red LED 1 ON,28.392,0.248,17.742,46.383
229,2026-08-08T10:58:47,14363,11124,1,exit,2,5920.584804,5920.606150,5920.606481,5920.627170,True,Red LED 1 OFF,21.346,0.331,20.689,42.367
230,2026-08-08T10:58:47,14365,11125,1,enter,1,5920.616041,5920.658263,5920.658493,5920.676363,True,Red LED 1 ON,42.222,0.230,17.870,60.322
231,2026-08-08T10:58:47,14366,11126,1,exit,2,5920.647711,5920.684068,5920.684290,5920.705052,True,Red LED 1 OFF,36.358,0.222,20.762,57.342
232,2026-08-08T10:58:47,14367,11127,1,enter,1,5920.681810,5920.708888,5920.709162,5920.729583,True,Red LED 1 ON,27.078,0.274,20.421,47.773
233,2026-08-08T10:58:47,14368,11128,1,exit,2,5920.713371,5920.733089,5920.733248,5920.754229,True,Red LED 1 OFF,19.719,0.159,20.981,40.858
234,2026-08-08T10:58:47,14370,11129,1,enter,1,5920.744579,5920.786086,5920.786346,5920.803354,True,Red LED 1 ON,41.508,0.259,17.008,58.775
235,2026-08-08T10:58:48,14373,11132,1,exit,2,5920.842781,5920.864031,5920.864424,5920.885302,True,Red LED 1 OFF,21.250,0.393,20.878,42.521
236,2026-08-08T10:58:50,14468,11204,1,enter,1,5923.273756,5923.311417,5923.311698,5923.330482,True,Red LED 1 ON,37.661,0.281,18.784,56.726
237,2026-08-08T10:58:50,14469,11206,1,exit,2,5923.307988,5923.337766,5923.337918,5923.359137,True,Red LED 1 OFF,29.778,0.152,21.219,51.149
238,2026-08-08T10:58:50,14470,11207,1,enter,1,5923.337014,5923.361434,5923.361668,5923.379571,True,Red LED 1 ON,24.420,0.234,17.903,42.557
239,2026-08-08T10:58:50,14478,11212,1,exit,2,5923.528430,5923.568233,5923.568553,5923.588712,True,Red LED 1 OFF,39.803,0.320,20.159,60.282
240,2026-08-08T10:58:50,14479,11213,1,enter,1,5923.562001,5923.594266,5923.594587,5923.613111,True,Red LED 1 ON,32.266,0.321,18.524,51.110
241,2026-08-08T10:58:50,14481,11214,1,exit,2,5923.610038,5923.647150,5923.647439,5923.666277,True,Red LED 1 OFF,37.112,0.288,18.839,56.239
242,2026-08-08T10:58:50,14483,11217,1,enter,1,5923.672914,5923.696597,5923.696831,5923.715494,True,Red LED 1 ON,23.683,0.234,18.663,42.580
243,2026-08-08T10:58:51,14492,11223,1,exit,2,5923.896345,5923.929274,5923.929728,5923.948825,True,Red LED 1 OFF,32.929,0.454,19.097,52.480
244,2026-08-08T10:59:51,16839,13041,1,enter,1,5984.473171,5984.493934,5984.494237,5984.512192,True,Red LED 1 ON,20.763,0.303,17.955,39.021
245,2026-08-08T10:59:56,17039,13195,1,exit,2,5989.608617,5989.649987,5989.650257,5989.668822,True,Red LED 1 OFF,41.371,0.269,18.566,60.206
246,2026-08-08T11:00:06,17412,13483,3,enter,5,5999.208788,5999.250294,5999.250464,5999.269002,True,Green LED ON,41.506,0.170,18.538,60.214
247,2026-08-08T11:00:27,18236,14120,3,exit,6,6020.472509,6020.509163,6020.509384,6020.529847,True,Green LED OFF,36.653,0.221,20.463,57.338
248,2026-08-08T11:00:27,18237,14122,3,enter,5,6020.508196,6020.534610,6020.534782,6020.554483,True,Green LED ON,26.414,0.172,19.700,46.287
249,2026-08-08T11:00:29,18296,14168,3,exit,6,6022.039531,6022.057720,6022.058089,6022.078029,True,Green LED OFF,18.189,0.369,19.939,38.497
250,2026-08-08T11:00:29,18298,14169,3,enter,5,6022.072842,6022.110567,6022.110969,6022.131385,True,Green LED ON,37.725,0.402,20.417,58.544
251,2026-08-08T11:00:29,18310,14178,3,exit,6,6022.376774,6022.419407,6022.419665,6022.438511,True,Green LED OFF,42.633,0.258,18.846,61.737
252,2026-08-08T11:00:32,18420,14263,1,enter,1,6025.242381,6025.260973,6025.261201,6025.280893,True,Red LED 1 ON,18.592,0.228,19.691,38.512
253,2026-08-08T11:00:32,18423,14266,1,exit,2,6025.304557,6025.338650,6025.338895,6025.358953,True,Red LED 1 OFF,34.092,0.245,20.059,54.396
254,2026-08-08T11:01:18,20197,15643,1,enter,1,6071.224728,6071.266604,6071.266894,6071.284002,True,Red LED 1 ON,41.875,0.291,17.108,59.274
255,2026-08-08T11:01:18,20203,15648,1,exit,2,6071.384857,6071.423294,6071.423599,6071.443703,True,Red LED 1 OFF,38.437,0.306,20.103,58.846
256,2026-08-08T11:01:18,20207,15651,1,enter,1,6071.495967,6071.528303,6071.528508,6071.546108,True,Red LED 1 ON,32.336,0.205,17.600,50.141
257,2026-08-08T11:01:18,20208,15652,1,exit,2,6071.531384,6071.551689,6071.551897,6071.570760,True,Red LED 1 OFF,20.305,0.208,18.863,39.376
258,2026-08-08T11:01:32,20748,16069,1,enter,1,6085.434463,6085.457841,6085.458066,6085.475730,True,Red LED 1 ON,23.378,0.225,17.664,41.267
259,2026-08-08T11:01:37,20932,16212,1,exit,2,6090.168955,6090.203766,6090.204053,6090.222567,True,Red LED 1 OFF,34.810,0.287,18.515,53.612
260,2026-08-08T11:02:05,22050,17067,2,enter,3,6118.708771,6118.749792,6118.750077,6118.769579,True,Blue LED ON,41.022,0.284,19.503,60.809
261,2026-08-08T11:02:12,22314,17270,2,exit,4,6125.451409,6125.479504,6125.479882,6125.498913,True,Blue LED OFF,28.095,0.378,19.030,47.503
