session,zone,edge,event_id,optical_ms,logged_ms,c2d_ms,serial_ms
lat1_1,1,enter,2,65.5610,48.4470,29.6610,18.5270
lat1_1,1,exit,3,113.1740,58.4440,36.6330,21.5540
lat1_1,1,enter,18,83.2360,50.6300,30.8280,19.5520
lat1_1,1,exit,197,94.8690,60.4510,38.5430,21.6080
lat1_1,1,enter,212,96.2790,53.4380,33.4130,19.4500
lat1_1,1,exit,213,127.4550,63.6190,43.2970,20.0740
lat1_1,1,enter,244,79.5280,39.0210,20.7630,17.9550
lat1_1,1,exit,245,112.4960,60.2060,41.3710,18.5660
lat1_1,1,enter,258,63.4420,41.2670,23.3780,17.6640
lat1_1,1,exit,259,95.7320,53.6120,34.8100,18.5150
lat1_1,3,enter,16,94.7640,58.8400,37.6730,20.9170
lat1_1,3,exit,17,96.7570,67.1190,44.7440,21.6370
lat1_1,3,enter,34,97.3400,52.8980,34.8350,17.7650
lat1_1,3,exit,35,127.9380,62.8160,42.8100,19.7160
lat1_1,3,enter,36,94.4000,42.1650,21.5160,20.3280
lat1_1,3,enter,42,63.4260,40.6620,21.7950,18.5670
lat1_1,3,exit,43,92.0780,56.5250,35.1450,21.1320
lat1_1,3,enter,44,96.8640,59.9700,40.1880,19.4950
lat1_1,3,exit,45,96.0410,44.1800,25.5040,18.4110
lat1_1,3,enter,214,96.0340,58.4300,41.0040,17.1800
lat1_1,3,exit,215,93.9580,51.0670,31.4510,19.3890
lat1_1,3,enter,216,112.1530,60.2970,41.8450,18.1130
lat1_1,3,exit,217,93.9850,52.0820,33.3070,18.4920
lat1_1,3,enter,246,81.3760,60.2140,41.5060,18.5380
lat1_2,1,enter,39,78.7210,61.9330,42.3650,19.2760
lat1_2,1,enter,53,96.8280,45.8560,25.0280,20.5670
lat1_2,1,enter,59,62.8890,51.4560,32.2470,18.7940
lat1_2,1,exit,60,80.1710,47.7350,27.3320,20.2430
lat1_2,1,enter,61,118.2480,40.3290,19.7350,20.3780
lat1_2,1,exit,62,111.0450,66.7110,45.4040,21.0940
lat1_2,1,enter,63,78.3470,53.8870,34.6570,18.8910
lat1_2,1,exit,64,97.4110,66.3030,44.2170,21.7440
lat1_2,1,exit,76,95.8470,64.7990,45.9060,18.6500
lat1_2,1,enter,89,64.3890,51.6620,31.0180,20.4000
lat1_2,1,exit,90,97.6250,64.5480,45.6370,18.6820
lat1_2,1,enter,107,63.0640,62.5800,41.5910,20.7570
